first_name,last_name,position,position_alt,injury_status,game_date,slate,team,opp,spread,over_under,implied_team_score,salary,L5_dvp_rank,L5_ppg_floor,L5_ppg_avg,L5_ppg_max,ppg_projection,value_projection,ppg_actual,value_actual
Luka,Doncic,PG,,,2024-01-03,,DAL,POR,-11.5,238.5,125,11500,21,50.5,71.9,97.5,65.5,5.70
Giannis,Antetokounmpo,PF,C,,2024-01-03,,MIL,IND,-3.5,257,130.3,11900,30,48.8,62.7,76.0,63.3,5.32
Shai,Gilgeous-Alexander,PG,,,2024-01-03,,OKC,ATL,-1,248,124.5,10500,27,38.0,55.3,65.3,57.2,5.45
Tyrese,Haliburton,PG,,,2024-01-03,,IND,MIL,+3.5,257,126.8,10200,29,58.8,63.4,70.3,56.1,5.50
Trae,Young,PG,,,2024-01-03,,ATL,OKC,+1,248,123.5,10300,16,45.0,57.0,70.3,55.6,5.40
Donovan,Mitchell,PG,SG,,2024-01-03,,CLE,WAS,-9.5,239.5,124.5,9500,30,51.5,54.7,61.0,54.2,5.71
Scottie,Barnes,PG,SF,,2024-01-03,,TOR,MEM,+1,227.5,113.3,9000,20,39.5,53.4,63.5,48.7,5.41
Anthony,Edwards,PG,SG,,2024-01-03,,MIN,NO,-6.5,222.5,114.5,9100,5,43.8,51.4,61.8,47.5,5.22
Ja,Morant,PG,,,2024-01-03,,MEM,TOR,-1,227.5,114.3,9800,8,26.3,45.3,58.5,47.0,4.80
Devin,Booker,PG,SG,,2024-01-03,,PHO,LAC,+4,232,114,9400,9,30.5,41.3,54.0,46.5,4.95
Julius,Randle,PF,,,2024-01-03,,NY,CHI,-9,220.5,114.8,8900,23,38.3,47.5,63.0,46.5,5.22
Kawhi,Leonard,SF,PF,,2024-01-03,,LAC,PHO,-4,232,118,8400,24,33.5,48.0,57.3,45.0,5.36
Jalen,Brunson,PG,,,2024-01-03,,NY,CHI,-9,220.5,114.8,8900,2,40.3,45.3,54.5,44.3,4.97
James,Harden,PG,,,2024-01-03,,LAC,PHO,-4,232,118,8700,23,33.5,46.1,55.5,44.3,5.09
Cade,Cunningham,PG,,,2024-01-03,,DET,UTA,+8.5,240,115.8,8500,24,20.3,47.1,63.8,44.0,5.18
Jarrett,Allen,C,,,2024-01-03,,CLE,WAS,-9.5,239.5,124.5,7800,30,28.8,49.8,65.3,43.3,5.55
Alperen,Sengun,C,,,2024-01-03,,HOU,BKN,-5,220.5,112.8,8900,6,36.3,53.3,65.0,42.9,4.82
Kyrie,Irving,PG,SG,,2024-01-03,,DAL,POR,-11.5,238.5,125,8300,21,18.5,32.2,43.3,42.1,5.07
Lauri,Markkanen,SF,PF,,2024-01-03,,UTA,DET,-8.5,240,124.3,8100,19,24.3,42.3,56.3,41.5,5.12
Damian,Lillard,PG,,,2024-01-03,,MIL,IND,-3.5,257,130.3,8800,6,21.3,36.0,47.3,41.5,4.72
Andre,Drummond,C,,,2024-01-03,,CHI,NY,+9,220.5,105.8,8400,1,10.0,39.9,67.3,41.3,4.92
Chet,Holmgren,C,,,2024-01-03,,OKC,ATL,-1,248,124.5,8000,27,35.5,38.5,41.0,40.9,5.11
Pascal,Siakam,PF,C,,2024-01-03,,TOR,MEM,+1,227.5,113.3,8200,7,40.8,46.0,49.3,40.8,4.98
Desmond,Bane,SG,SF,,2024-01-03,,MEM,TOR,-1,227.5,114.3,8500,26,29.8,36.3,47.8,39.6,4.66
Karl-Anthony,Towns,PF,C,,2024-01-03,,MIN,NO,-6.5,222.5,114.5,7800,12,21.3,29.1,41.0,39.2,5.03
Jalen,Duren,C,,,2024-01-03,,DET,UTA,+8.5,240,115.8,6900,19,32.0,37.5,43.3,38.0,5.51
Fred,VanVleet,PG,,,2024-01-03,,HOU,BKN,-5,220.5,112.8,8100,14,17.0,33.7,58.8,38.0,4.69
DeMar,DeRozan,SF,PF,,2024-01-03,,CHI,NY,+9,220.5,105.8,8600,22,25.0,37.0,44.8,38.0,4.42
Dejounte,Murray,PG,SG,,2024-01-03,,ATL,OKC,+1,248,123.5,7700,16,32.5,40.9,49.5,37.8,4.91
Anfernee,Simons,PG,SG,Q,2024-01-03,,POR,DAL,+11.5,238.5,113.5,8300,7,35.5,42.8,58.5,37.7,4.54
Paul,George,SG,SF,,2024-01-03,,LAC,PHO,-4,232,118,8300,5,31.8,36.0,39.0,37.6,4.53
Kyle,Kuzma,PF,,,2024-01-03,,WAS,CLE,+9.5,239.5,115,7900,13,21.8,36.1,58.0,37.0,4.68
Jusuf,Nurkic,C,,,2024-01-03,,PHO,LAC,+4,232,114,7600,9,23.5,37.6,48.3,36.8,4.84
Brandon,Ingram,SG,SF,,2024-01-03,,NO,MIN,+6.5,222.5,108,8300,4,28.3,43.2,55.5,36.7,4.42
Rudy,Gobert,C,,,2024-01-03,,MIN,NO,-6.5,222.5,114.5,7200,25,15.8,34.8,48.8,36.3,5.04
Khris,Middleton,SG,SF,Q,2024-01-03,,MIL,IND,-3.5,257,130.3,7300,29,33.3,39.4,51.3,35.6,4.88
Jaren,Jackson Jr.,PF,C,,2024-01-03,,MEM,TOR,-1,227.5,114.3,7500,2,25.8,32.7,40.0,35.3,4.71
Jerami,Grant,PF,,,2024-01-03,,POR,DAL,+11.5,238.5,113.5,7300,20,21.0,31.6,49.0,35.2,4.82
CJ,McCollum,PG,,,2024-01-03,,NO,MIN,+6.5,222.5,108,7400,3,25.3,34.4,48.3,35.0,4.73
Myles,Turner,C,,,2024-01-03,,IND,MIL,+3.5,257,126.8,7000,28,22.0,35.2,43.5,34.5,4.93
Bradley,Beal,PG,SG,,2024-01-03,,PHO,LAC,+4,232,114,6900,9,8.0,23.2,33.3,34.4,4.99
Jalen,Johnson,PF,,,2024-01-03,,ATL,OKC,+1,248,123.5,6300,22,17.3,31.9,48.3,34.3,5.44
Mikal,Bridges,SG,,,2024-01-03,,BKN,HOU,+5,220.5,107.8,7200,28,12.8,27.2,44.8,34.0,4.72
Clint,Capela,C,,,2024-01-03,,ATL,OKC,+1,248,123.5,6400,7,19.5,32.4,41.5,33.7,5.27
Zion,Williamson,PF,,,2024-01-03,,NO,MIN,+6.5,222.5,108,7800,9,21.3,39.2,49.0,33.6,4.31
Malcolm,Brogdon,PG,SG,,2024-01-03,,POR,DAL,+11.5,238.5,113.5,7800,7,20.0,40.0,51.5,33.5,4.29
Nic,Claxton,C,,,2024-01-03,,BKN,HOU,+5,220.5,107.8,7300,11,17.3,33.3,48.0,33.5,4.59
Coby,White,PG,,Q,2024-01-03,,CHI,NY,+9,220.5,105.8,7600,15,25.3,29.6,32.5,33.3,4.38
Jordan,Clarkson,SG,,,2024-01-03,,UTA,DET,-8.5,240,124.3,6000,24,16.5,35.4,52.5,32.9,5.48
Max,Strus,SG,SF,,2024-01-03,,CLE,WAS,-9.5,239.5,124.5,6500,7,21.5,30.0,44.8,32.7,5.03
Caris,LeVert,SG,SF,,2024-01-03,,CLE,WAS,-9.5,239.5,124.5,6400,7,14.3,31.9,44.0,32.4,5.06
Jalen,Williams,SF,PF,,2024-01-03,,OKC,ATL,-1,248,124.5,7300,20,27.3,34.9,47.0,32.1,4.40
Bojan,Bogdanovic,SF,,,2024-01-03,,DET,UTA,+8.5,240,115.8,6300,2,19.0,31.9,42.0,31.9,5.06
Jakob,Poeltl,C,,,2024-01-03,,TOR,MEM,+1,227.5,113.3,6100,18,15.5,30.9,39.3,30.9,5.07
Jalen,Green,SG,,,2024-01-03,,HOU,BKN,-5,220.5,112.8,7000,6,11.3,29.2,46.5,30.5,4.36
Collin,Sexton,PG,SG,,2024-01-03,,UTA,DET,-8.5,240,124.3,6200,12,20.3,30.1,38.3,29.8,4.81
Spencer,Dinwiddie,PG,SG,,2024-01-03,,BKN,HOU,+5,220.5,107.8,6900,1,7.0,26.1,39.0,29.8,4.32
OG,Anunoby,SF,PF,,2024-01-03,,NY,CHI,-9,220.5,114.8,5600,27,22.0,29.3,37.5,29.7,5.30
Jaden,Ivey,PG,SG,,2024-01-03,,DET,UTA,+8.5,240,115.8,6000,24,26.3,34.6,45.0,29.5,4.92
Immanuel,Quickley,PG,SG,,2024-01-03,,TOR,MEM,+1,227.5,113.3,6400,20,11.0,21.7,31.0,29.3,4.58
Daniel,Gafford,C,,,2024-01-03,,WAS,CLE,+9.5,239.5,115,6200,10,11.8,29.1,43.8,29.3,4.73
Tyus,Jones,PG,,,2024-01-03,,WAS,CLE,+9.5,239.5,115,6100,18,25.0,31.1,43.5,29.3,4.80
RJ,Barrett,SG,SF,,2024-01-03,,TOR,MEM,+1,227.5,113.3,6300,20,23.0,28.2,31.5,29.1,4.62
Jabari,Smith Jr.,PF,,,2024-01-03,,HOU,BKN,-5,220.5,112.8,6800,14,16.8,28.3,49.8,29.0,4.26
Josh,Giddey,PG,SG,,2024-01-03,,OKC,ATL,-1,248,124.5,5900,27,20.5,29.9,42.5,28.8,4.88
Brook,Lopez,C,,,2024-01-03,,MIL,IND,-3.5,257,130.3,6000,2,12.3,27.1,37.8,28.8,4.80
Bogdan,Bogdanovic,SG,SF,,2024-01-03,,ATL,OKC,+1,248,123.5,6600,19,15.3,26.7,38.0,28.3,4.29
Jonas,Valanciunas,C,,,2024-01-03,,NO,MIN,+6.5,222.5,108,6500,20,13.5,29.5,38.3,28.1,4.32
Jordan,Poole,PG,SG,,2024-01-03,,WAS,CLE,+9.5,239.5,115,6400,18,12.5,30.0,44.5,28.0,4.38
Isaiah,Hartenstein,C,,,2024-01-03,,NY,CHI,-9,220.5,114.8,5900,13,19.3,26.5,34.3,28.0,4.75
Tim,Hardaway Jr.,SG,SF,,2024-01-03,,DAL,POR,-11.5,238.5,125,6100,22,8.0,28.0,46.3,27.8,4.56
Deni,Avdija,SF,PF,,2024-01-03,,WAS,CLE,+9.5,239.5,115,5900,16,19.8,30.6,52.8,27.8,4.71
Walker,Kessler,C,,,2024-01-03,,UTA,DET,-8.5,240,124.3,5400,29,22.0,27.4,34.5,27.4,5.07
Saddiq,Bey,PF,,,2024-01-03,,ATL,OKC,+1,248,123.5,5900,22,26.0,30.8,37.0,27.3,4.63
Cameron,Johnson,PF,,,2024-01-03,,BKN,HOU,+5,220.5,107.8,6400,1,23.0,28.5,32.0,27.0,4.22
Mike,Conley,PG,,,2024-01-03,,MIN,NO,-6.5,222.5,114.5,5800,5,19.0,29.6,38.8,26.9,4.64
Marcus,Smart,PG,SG,,2024-01-03,,MEM,TOR,-1,227.5,114.3,6200,8,10.5,25.3,34.5,26.6,4.29
Ivica,Zubac,C,,,2024-01-03,,LAC,PHO,-4,232,118,6300,4,14.3,31.5,46.0,26.3,4.17
Dereck,Lively II,C,,,2024-01-03,,DAL,POR,-11.5,238.5,125,5500,24,9.0,22.9,35.0,26.0,4.73
Grayson,Allen,SG,SF,,2024-01-03,,PHO,LAC,+4,232,114,6000,17,25.0,31.0,48.0,25.1,4.18
Kelly,Olynyk,C,,,2024-01-03,,UTA,DET,-8.5,240,124.3,5200,29,15.3,27.8,45.5,25.0,4.81
Bobby,Portis,PF,C,,2024-01-03,,MIL,IND,-3.5,257,130.3,5700,30,16.3,27.1,44.3,24.9,4.37
Alex,Caruso,SG,SF,,2024-01-03,,CHI,NY,+9,220.5,105.8,5500,16,15.0,24.2,29.8,24.8,4.51
Dennis,Schroder,PG,SG,,2024-01-03,,TOR,MEM,+1,227.5,113.3,6000,20,27.8,32.8,44.5,24.6,4.10
Keyonte,George,PG,,,2024-01-03,,UTA,DET,-8.5,240,124.3,5700,12,-1.0,17.6,33.0,24.5,4.30
Bennedict,Mathurin,SG,SF,,2024-01-03,,IND,MIL,+3.5,257,126.8,5500,1,5.5,21.8,42.8,24.5,4.45
Luguentz,Dort,SF,,,2024-01-03,,OKC,ATL,-1,248,124.5,5000,20,11.0,24.8,34.5,24.3,4.86
John,Collins,PF,C,,2024-01-03,,UTA,DET,-8.5,240,124.3,5300,26,13.0,19.6,25.0,24.3,4.58
Donte,DiVincenzo,SG,SF,,2024-01-03,,NY,CHI,-9,220.5,114.8,5100,25,12.3,27.3,61.5,24.1,4.73
Scoot,Henderson,PG,,,2024-01-03,,POR,DAL,+11.5,238.5,113.5,6300,7,22.3,36.0,52.3,23.8,3.78
Simone,Fontecchio,SF,PF,,2024-01-03,,UTA,DET,-8.5,240,124.3,5100,19,8.8,20.5,41.5,23.8,4.67
Chimezie,Metu,PF,C,,2024-01-03,,PHO,LAC,+4,232,114,5100,5,5.0,23.3,52.8,23.5,4.61
Bruce,Brown,PG,SF,Q,2024-01-03,,IND,MIL,+3.5,257,126.8,5800,29,9.5,18.7,27.3,23.5,4.05
Russell,Westbrook,PG,,,2024-01-03,,LAC,PHO,-4,232,118,6000,23,20.5,31.6,44.3,23.3,3.88
Aaron,Nesmith,SF,PF,,2024-01-03,,IND,MIL,+3.5,257,126.8,5600,17,12.3,22.6,33.8,23.0,4.11
Patrick,Williams,SF,PF,Q,2024-01-03,,CHI,NY,+9,220.5,105.8,5400,22,4.3,18.4,37.8,23.0,4.26
Isaac,Okoro,SF,PF,,2024-01-03,,CLE,WAS,-9.5,239.5,124.5,5000,23,18.5,24.9,30.3,22.7,4.54
Onyeka,Okongwu,PF,C,,2024-01-03,,ATL,OKC,+1,248,123.5,5300,22,16.3,26.1,37.3,22.1,4.17
Derrick,Jones Jr.,SF,PF,,2024-01-03,,DAL,POR,-11.5,238.5,125,5200,9,13.3,25.3,34.3,22.0,4.23
Josh,Hart,SF,PF,,2024-01-03,,NY,CHI,-9,220.5,114.8,5400,27,9.5,22.9,30.3,21.9,4.06
Gary,Trent Jr.,PG,SG,,2024-01-03,,TOR,MEM,+1,227.5,113.3,5400,20,17.0,25.2,44.3,21.6,4.00
Malik,Beasley,SG,,,2024-01-03,,MIL,IND,-3.5,257,130.3,5000,29,6.8,20.6,30.5,21.5,4.30
Obi,Toppin,PF,C,,2024-01-03,,IND,MIL,+3.5,257,126.8,4600,3,12.5,19.3,28.5,21.5,4.67
Cam,Thomas,SG,SF,,2024-01-03,,BKN,HOU,+5,220.5,107.8,6100,28,4.0,15.8,25.8,21.3,3.48
Jaden,Hardy,PG,SG,,2024-01-03,,DAL,POR,-11.5,238.5,125,4700,21,7.5,18.2,26.5,21.3,4.53
Buddy,Hield,SG,SF,,2024-01-03,,IND,MIL,+3.5,257,126.8,5700,1,3.8,22.5,35.8,20.6,3.61
Dorian,Finney-Smith,PF,C,,2024-01-03,,BKN,HOU,+5,220.5,107.8,4900,1,14.0,19.4,24.0,20.5,4.18
Ayo,Dosunmu,PG,SG,,2024-01-03,,CHI,NY,+9,220.5,105.8,4900,15,8.8,22.0,40.8,20.4,4.16
Kris,Dunn,PG,SF,,2024-01-03,,UTA,DET,-8.5,240,124.3,4700,12,14.0,22.7,41.5,20.0,4.26
Jaden,McDaniels,SF,,,2024-01-03,,MIN,NO,-6.5,222.5,114.5,4700,15,13.3,20.9,39.3,20.0,4.26
Trey,Murphy III,SG,SF,Q,2024-01-03,,NO,MIN,+6.5,222.5,108,5400,4,10.3,23.3,44.0,20.0,3.70
Norman,Powell,SG,SF,,2024-01-03,,LAC,PHO,-4,232,118,5000,5,7.0,19.9,33.0,19.9,3.98
Eric,Gordon,SG,,,2024-01-03,,PHO,LAC,+4,232,114,5500,17,5.3,22.2,38.0,19.8,3.59
Santi,Aldama,PF,C,,2024-01-03,,MEM,TOR,-1,227.5,114.3,4200,2,4.5,17.0,30.8,19.8,4.70
Day'Ron,Sharpe,C,,,2024-01-03,,BKN,HOU,+5,220.5,107.8,4800,11,9.5,26.0,42.3,19.7,4.10
Alec,Burks,SG,SF,,2024-01-03,,DET,UTA,+8.5,240,115.8,4300,23,11.3,20.9,31.0,19.7,4.58
Jalen,Smith,PF,C,,2024-01-03,,IND,MIL,+3.5,257,126.8,5400,3,10.0,20.4,29.5,19.6,3.63
Naz,Reid,PF,C,,2024-01-03,,MIN,NO,-6.5,222.5,114.5,5200,12,8.0,18.1,36.8,19.4,3.73
Kyle,Anderson,SF,PF,,2024-01-03,,MIN,NO,-6.5,222.5,114.5,4600,15,7.5,17.5,24.8,19.3,4.20
Jabari,Walker,PF,,,2024-01-03,,POR,DAL,+11.5,238.5,113.5,5400,20,12.8,24.9,41.8,19.2,3.56
Shaedon,Sharpe,SG,SF,,2024-01-03,,POR,DAL,+11.5,238.5,113.5,6000,27,1.3,12.3,22.3,19.2,3.20
Herbert,Jones,SF,PF,,2024-01-03,,NO,MIN,+6.5,222.5,108,5500,3,12.3,17.3,26.0,18.7,3.40
Luke,Kennard,SG,,,2024-01-03,,MEM,TOR,-1,227.5,114.3,4400,26,3.8,19.2,25.8,18.6,4.23
Kevin,Knox II,PF,,,2024-01-03,,DET,UTA,+8.5,240,115.8,4200,27,6.3,15.3,27.5,18.5,4.40
Jae'Sean,Tate,SG,SF,,2024-01-03,,HOU,BKN,-5,220.5,112.8,4500,6,8.3,12.9,21.3,18.0,4.00
Bismack,Biyombo,C,,,2024-01-03,,MEM,TOR,-1,227.5,114.3,3800,26,6.0,14.2,22.5,17.5,4.61
Grant,Williams,PF,C,,2024-01-03,,DAL,POR,-11.5,238.5,125,4300,11,10.0,15.5,20.5,17.3,4.02
Dean,Wade,PF,C,,2024-01-03,,CLE,WAS,-9.5,239.5,124.5,4400,24,7.8,18.9,38.3,17.1,3.89
Dennis,Smith Jr.,PG,,,2024-01-03,,BKN,HOU,+5,220.5,107.8,4400,1,13.5,20.3,35.8,17.0,3.86
Corey,Kispert,SF,PF,,2024-01-03,,WAS,CLE,+9.5,239.5,115,4700,16,16.5,20.7,23.0,16.8,3.57
Georges,Niang,SF,PF,,2024-01-03,,CLE,WAS,-9.5,239.5,124.5,3600,23,6.0,15.9,28.0,16.5,4.58
Delon,Wright,PG,,,2024-01-03,,WAS,CLE,+9.5,239.5,115,3900,18,5.0,17.8,34.8,16.3,4.18
Bilal,Coulibaly,SG,SF,,2024-01-03,,WAS,CLE,+9.5,239.5,115,5200,8,11.5,16.0,19.0,16.2,3.12
Sam,Merrill,SG,,,2024-01-03,,CLE,WAS,-9.5,239.5,124.5,3400,7,1.0,20.5,38.8,16.2,4.76
Royce,O'Neale,SF,PF,,2024-01-03,,BKN,HOU,+5,220.5,107.8,4300,11,7.8,13.6,18.0,16.1,3.74
Larry,Nance Jr.,C,,,2024-01-03,,NO,MIN,+6.5,222.5,108,4500,20,9.3,19.7,29.5,15.8,3.50
Amen,Thompson,PG,SG,,2024-01-03,,HOU,BKN,-5,220.5,112.8,4100,14,4.0,13.8,29.5,15.5,3.78
Andrew,Nembhard,PG,SG,Q,2024-01-03,,IND,MIL,+3.5,257,126.8,5300,29,1.0,19.4,30.8,15.5,2.92
Isaiah,Jackson,C,,,2024-01-03,,IND,MIL,+3.5,257,126.8,3800,28,3.8,15.0,31.8,15.2,4.00
Duop,Reath,C,,Q,2024-01-03,,POR,DAL,+11.5,238.5,113.5,4700,8,1.3,17.4,41.3,14.8,3.15
Pat,Connaughton,SF,PF,,2024-01-03,,MIL,IND,-3.5,257,130.3,3900,26,6.3,12.6,19.0,14.5,3.72
Josh,Green,SF,PF,,2024-01-03,,DAL,POR,-11.5,238.5,125,4000,9,3.0,15.2,25.0,14.5,3.63
Terance,Mann,PG,SG,,2024-01-03,,LAC,PHO,-4,232,118,3800,23,4.8,13.1,19.8,14.4,3.79
Precious,Achiuwa,PF,C,,2024-01-03,,NY,CHI,-9,220.5,114.8,3600,23,2.5,9.3,16.5,14.4,4.00
Tristan,Thompson,C,,,2024-01-03,,CLE,WAS,-9.5,239.5,124.5,3200,30,2.3,10.5,19.3,14.3,4.47
Cameron,Payne,PG,,,2024-01-03,,MIL,IND,-3.5,257,130.3,3400,6,-1.5,12.7,38.5,14.0,4.12
Toumani,Camara,SF,PF,Q,2024-01-03,,POR,DAL,+11.5,238.5,113.5,4800,28,8.8,15.2,36.3,13.8,2.88
Isaiah,Joe,SG,SF,,2024-01-03,,OKC,ATL,-1,248,124.5,4000,10,8.3,11.4,14.5,13.8,3.44
Nickeil,Alexander-Walker,SG,SF,,2024-01-03,,MIN,NO,-6.5,222.5,114.5,3500,9,2.0,11.4,18.0,13.6,3.89
Ausar,Thompson,SF,PF,,2024-01-03,,DET,UTA,+8.5,240,115.8,4100,2,7.3,11.9,18.8,13.5,3.29
Aaron,Holiday,PG,,,2024-01-03,,HOU,BKN,-5,220.5,112.8,3700,14,9.8,15.1,23.3,13.2,3.57
Jose,Alvarado,PG,,,2024-01-03,,NO,MIN,+6.5,222.5,108,3900,3,7.0,16.6,25.8,13.0,3.33
Quentin,Grimes,SG,SF,,2024-01-03,,NY,CHI,-9,220.5,114.8,3100,25,6.3,9.9,16.3,13.0,4.19
Bol,Bol,PF,C,,2024-01-03,,PHO,LAC,+4,232,114,3500,5,2.0,7.0,23.3,12.7,3.63
Cason,Wallace,PG,SG,,2024-01-03,,OKC,ATL,-1,248,124.5,3800,27,6.8,12.6,18.3,12.7,3.34
Dwight,Powell,C,,,2024-01-03,,DAL,POR,-11.5,238.5,125,3500,24,2.5,15.4,45.5,12.5,3.57
Kenrich,Williams,PF,C,,2024-01-03,,OKC,ATL,-1,248,124.5,3700,29,10.0,11.2,15.8,12.5,3.38
Chris,Boucher,PF,C,,2024-01-03,,TOR,MEM,+1,227.5,113.3,3700,7,1.3,8.8,16.8,12.3,3.32
Daniel,Theis,C,,,2024-01-03,,LAC,PHO,-4,232,118,3500,4,6.3,11.8,20.8,12.2,3.49
Moses,Brown,C,,Q,2024-01-03,,POR,DAL,+11.5,238.5,113.5,4000,8,1.3,9.7,17.3,11.9,2.98
Naji,Marshall,PF,,,2024-01-03,,NO,MIN,+6.5,222.5,108,4300,9,4.3,12.0,16.8,11.8,2.73
James,Wiseman,C,,,2024-01-03,,DET,UTA,+8.5,240,115.8,3800,19,2.0,10.8,19.0,11.8,3.11
Jevon,Carter,PG,SG,,2024-01-03,,CHI,NY,+9,220.5,105.8,3500,15,5.0,11.6,21.3,11.5,3.29
Matisse,Thybulle,SG,SF,,2024-01-03,,POR,DAL,+11.5,238.5,113.5,4500,27,12.5,16.4,25.5,11.5,2.56
Ochai,Agbaji,SG,SF,,2024-01-03,,UTA,DET,-8.5,240,124.3,3300,24,2.0,8.7,17.5,11.5,3.48
David,Roddy,PF,,,2024-01-03,,MEM,TOR,-1,227.5,114.3,3600,2,0.0,8.9,18.5,11.2,3.11
Landry,Shamet,SG,,,2024-01-03,,WAS,CLE,+9.5,239.5,115,3600,8,0.0,7.9,15.5,10.4,2.89
Danilo,Gallinari,PF,C,Q,2024-01-03,,WAS,CLE,+9.5,239.5,115,4300,13,1.3,8.8,14.3,10.3,2.40
Dalen,Terry,PF,,,2024-01-03,,CHI,NY,+9,220.5,105.8,3300,19,-0.5,11.4,27.0,10.0,3.03
Aaron,Wiggins,PF,,,2024-01-03,,OKC,ATL,-1,248,124.5,3500,29,5.3,9.8,13.3,9.9,2.83
Killian,Hayes,PG,,,2024-01-03,,DET,UTA,+8.5,240,115.8,3900,24,5.0,11.2,15.8,9.8,2.50
Dyson,Daniels,PG,SF,,2024-01-03,,NO,MIN,+6.5,222.5,108,3800,3,3.3,11.5,22.0,9.5,2.50
Josh,Okogie,SF,,,2024-01-03,,PHO,LAC,+4,232,114,4400,14,1.3,9.2,19.0,9.5,2.16
Isaiah,Livers,SF,PF,,2024-01-03,,DET,UTA,+8.5,240,115.8,3300,2,0.0,5.5,14.8,9.0,2.73
John,Konchar,SG,SF,,2024-01-03,,MEM,TOR,-1,227.5,114.3,3200,26,0.0,14.0,29.3,9.0,2.81
Amir,Coffey,SF,PF,,2024-01-03,,LAC,PHO,-4,232,118,3400,24,5.5,11.9,22.0,9.0,2.65
Craig,Porter Jr.,PG,,,2024-01-03,,CLE,WAS,-9.5,239.5,124.5,5000,30,1.3,26.7,42.8,8.6,1.72
Vasilije,Micic,PG,,,2024-01-03,,OKC,ATL,-1,248,124.5,3000,27,1.5,9.5,13.8,8.6,2.87
Ziaire,Williams,SF,PF,,2024-01-03,,MEM,TOR,-1,227.5,114.3,3300,29,0.0,5.5,15.0,8.4,2.55
Marjon,Beauchamp,SG,SF,,2024-01-03,,MIL,IND,-3.5,257,130.3,3300,29,1.3,8.6,23.3,8.2,2.48
Jaylin,Williams,C,,,2024-01-03,,OKC,ATL,-1,248,124.5,3600,27,2.5,10.1,20.0,8.0,2.22
Jeff,Green,PF,C,,2024-01-03,,HOU,BKN,-5,220.5,112.8,4000,14,1.5,8.7,19.0,7.7,1.93
Keita,Bates-Diop,SF,PF,,2024-01-03,,PHO,LAC,+4,232,114,3000,14,-0.5,7.8,13.5,7.5,2.50
Armoni,Brooks,PG,,,2024-01-03,,BKN,HOU,+5,220.5,107.8,3100,1,1.3,9.8,23.0,7.0,2.26
Nassir,Little,SF,PF,,2024-01-03,,PHO,LAC,+4,232,114,3400,14,0.0,8.8,15.3,6.5,1.91
Terry,Taylor,C,,,2024-01-03,,CHI,NY,+9,220.5,105.8,3900,1,-0.5,7.3,17.0,6.5,1.67
Mike,Muscala,C,,,2024-01-03,,WAS,CLE,+9.5,239.5,115,4200,10,7.0,14.3,24.8,6.3,1.50
Xavier,Tillman,C,,,2024-01-03,,MEM,TOR,-1,227.5,114.3,4100,26,0.0,11.7,24.0,6.3,1.52
Ibou,Badji,C,,,2024-01-03,,POR,DAL,+11.5,238.5,113.5,3800,8,,,,6.0,1.58
Mason,Plumlee,C,,,2024-01-03,,LAC,PHO,-4,232,118,4200,4,7.5,13.8,22.8,6.0,1.43
Garrison,Mathews,SG,SF,,2024-01-03,,ATL,OKC,+1,248,123.5,3300,19,2.8,5.7,8.3,5.9,1.79
Jordan,McLaughlin,PG,,,2024-01-03,,MIN,NO,-6.5,222.5,114.5,3300,5,1.5,8.3,19.3,4.8,1.45
T.J.,McConnell,PG,,,2024-01-03,,IND,MIL,+3.5,257,126.8,4000,29,3.5,16.6,36.5,4.5,1.13
Skylar,Mays,PG,,,2024-01-03,,POR,DAL,+11.5,238.5,113.5,3900,7,0.0,8.6,19.0,4.0,1.03
Taj,Gibson,C,,,2024-01-03,,NY,CHI,-9,220.5,114.8,3000,13,0.0,7.1,14.3,3.5,1.17
Marcus,Sasser,PG,SG,,2024-01-03,,DET,UTA,+8.5,240,115.8,3100,24,0.0,7.5,13.0,3.3,1.05
Drew,Eubanks,C,,,2024-01-03,,PHO,LAC,+4,232,114,4000,9,2.3,12.6,21.5,3.3,0.81
Kobe,Brown,PF,,,2024-01-03,,LAC,PHO,-4,232,118,3100,6,-0.5,8.1,17.5,3.3,1.05
Seth,Curry,SG,,,2024-01-03,,DAL,POR,-11.5,238.5,125,3900,22,0.0,11.3,32.0,3.3,0.85
Jordan,Hawkins,SG,,,2024-01-03,,NO,MIN,+6.5,222.5,108,3200,4,0.0,8.5,17.5,3.3,1.02
Talen,Horton-Tucker,PG,SG,,2024-01-03,,UTA,DET,-8.5,240,124.3,4000,12,2.0,31.1,45.8,3.2,0.80
Thaddeus,Young,PF,C,,2024-01-03,,TOR,MEM,+1,227.5,113.3,3000,7,0.0,4.7,11.8,3.0,1.00
Jordan,Goodwin,PG,,,2024-01-03,,PHO,LAC,+4,232,114,3700,9,0.0,7.2,14.0,2.8,0.74
Troy,Brown Jr.,SG,SF,,2024-01-03,,MIN,NO,-6.5,222.5,114.5,3100,9,0.8,3.4,9.3,2.8,0.89
Ish,Wainright,PF,,,2024-01-03,,POR,DAL,+11.5,238.5,113.5,3200,20,0.0,3.8,11.8,2.5,0.78
Udoka,Azubuike,C,,,2024-01-03,,PHO,LAC,+4,232,114,3400,9,2.5,6.8,21.3,2.5,0.74
Brandon,Boston Jr.,SG,SF,,2024-01-03,,LAC,PHO,-4,232,118,3200,5,0.0,8.8,17.3,2.1,0.66
Cam,Whitmore,SF,,,2024-01-03,,HOU,BKN,-5,220.5,112.8,3500,30,10.3,15.1,23.5,2.1,0.60
Jock,Landale,C,,,2024-01-03,,HOU,BKN,-5,220.5,112.8,3100,6,0.0,7.4,13.0,2.0,0.65
Jalen,McDaniels,SF,PF,,2024-01-03,,TOR,MEM,+1,227.5,113.3,3300,21,0.0,8.5,19.0,1.5,0.45
Nikola,Vucevic,C,,O,2024-01-03,,CHI,NY,+9,220.5,105.8,7900,1,27.8,37.3,47.0,0.0,0.00
Kevin,Durant,PF,,O,2024-01-03,,PHO,LAC,+4,232,114,10100,5,36.0,50.9,72.5,0.0,0.00
Derrick,Rose,PG,,O,2024-01-03,,MEM,TOR,-1,227.5,114.3,4300,8,6.0,14.4,35.0,0.0,0.00
Isaiah,Stewart,PF,C,O,2024-01-03,,DET,UTA,+8.5,240,115.8,5300,27,10.0,23.2,39.8,0.0,0.00
Vince,Williams Jr.,SF,,O,2024-01-03,,MEM,TOR,-1,227.5,114.3,4300,29,9.0,18.5,28.0,0.0,0.00
Darius,Garland,PG,,O,2024-01-03,,CLE,WAS,-9.5,239.5,124.5,7700,30,29.0,41.4,55.0,0.0,0.00
De'Andre,Hunter,SF,PF,O,2024-01-03,,ATL,OKC,+1,248,123.5,5600,10,17.3,26.7,36.0,0.0,0.00
Deandre,Ayton,C,,O,2024-01-03,,POR,DAL,+11.5,238.5,113.5,6800,8,21.0,32.5,47.0,0.0,0.00
Evan,Mobley,PF,C,O,2024-01-03,,CLE,WAS,-9.5,239.5,124.5,7500,24,20.3,35.5,57.8,0.0,0.00
Dillon,Brooks,SG,SF,O,2024-01-03,,HOU,BKN,-5,220.5,112.8,5600,6,13.8,20.8,29.5,0.0,0.00
Dante,Exum,PG,SF,O,2024-01-03,,DAL,POR,-11.5,238.5,125,6000,21,9.8,22.9,33.5,0.0,0.00
Tari,Eason,SF,PF,O,2024-01-03,,HOU,BKN,-5,220.5,112.8,6200,30,17.0,27.8,37.3,0.0,0.00
